,_add_array_values_min,_get_array_double<double>_min,_put_array<double>_min,_put_to_keydb_min,_serialize_protobuff_min,redis_cluster.get_min,redis_cluster.set_min,_add_array_values_max,_get_array_double<double>_max,_put_array<double>_max,_put_to_keydb_max,_serialize_protobuff_max,redis_cluster.get_max,redis_cluster.set_max,_add_array_values_std,_get_array_double<double>_std,_put_array<double>_std,_put_to_keydb_std,_serialize_protobuff_std,redis_cluster.get_std,redis_cluster.set_std,_add_array_values_mean,_get_array_double<double>_mean,_put_array<double>_mean,_put_to_keydb_mean,_serialize_protobuff_mean,redis_cluster.get_mean,redis_cluster.set_mean,cluster,doubles,ppn,nodes,dpn
0,0.038510416000000006,0.13670636,0.12712962,0.06197338,0.023134186,0.0983972,0.061875152,0.12835734,3.0020558,2.106625,1.9964908000000001,0.0606647,2.762129,1.9964280000000003,0.013137770627067464,0.6185331883728725,0.16253181713882348,0.15781661411794246,0.0053883556091906095,0.5503935166292188,0.15782490113853914,0.06385486425000012,2.150235175304169,0.3285852388291666,0.22706079748500035,0.033124138315833274,2.0225958091950007,0.22697301072416648,50,4000000,48,100,1
0,0.0006505489199999999,0.00412097,0.0023497581999999996,0.0009571551999999999,5.3739548e-05,0.00097117426,0.0009274005800000001,0.0018236159999999997,0.13247298000000002,1.01700258,1.0152091799999998,0.00060257912,0.0178149228,1.01516242,0.00016018334502387706,0.015933153239432448,0.0391006117212423,0.03910065022217957,6.027872635546373e-05,0.0008371219321560795,0.039099909336385505,0.0009190758451583352,0.04402301992166668,0.009504198792708328,0.007812253751983328,8.415107921291726e-05,0.0014786240333958308,0.007772353303466659,30,64000,48,100,1
0,0.00032696723999999996,0.0038037778,0.0015429973999999999,0.0006211757600000001,2.9850003999999998e-05,0.00047936439999999995,0.00058956148,0.0009006023400000001,0.13227722000000003,1.5158854,1.514563,0.0001336098,0.0022158626,1.5145154,7.879754219335301e-05,0.014810385993733858,0.09364321102890559,0.09364324030865695,6.504801862487971e-06,0.0001276483045284192,0.09364248159963515,0.0004610800442916653,0.04346978082566667,0.012368492684124977,0.011224252450387523,3.975629921291728e-05,0.0007645194928750002,0.011186580704625013,50,32000,48,100,1
0,0.01867261,0.058406924000000006,0.055469990000000004,0.025755644,0.0085181238,0.038953206000000004,0.025664806000000002,0.060880612,1.5826158,2.8000553999999998,2.7655342000000003,0.033650398,0.9058412,2.7654731999999997,0.006252081008808641,0.4095228044349225,0.13591468579365115,0.13510816908095474,0.0024461318501151842,0.21885385950880112,0.13510961022936804,0.02955912242708334,0.8367676280483334,0.09927964196041668,0.053930581674166735,0.013181195398958335,0.6174638143399999,0.05384555268083337,30,2000000,48,100,3
0,0.0043654442000000005,0.014365816,0.013190888000000001,0.005725813,0.0016736030000000003,0.007120799999999999,0.0056900022000000005,0.0114572046,0.52820974,4.6933442,4.685028999999999,0.0047000886,0.058496667999999995,4.684977399999999,0.0013066977397000212,0.07990295388482932,0.18740394884449768,0.1874285446742286,0.000404141584487102,0.009602445489238866,0.18742790819369531,0.006428589245541671,0.08611819149499997,0.03050326823208339,0.020533431601166673,0.002505485813333334,0.013475113341458336,0.020489623046791694,40,500000,48,100,3
0,0.00032820699999999996,0.0036769866,0.0015520098,0.00062460898,2.9945371999999996e-05,0.0005016327,0.0005938053,0.0010027408800000002,0.15054457999999998,1.811656,1.8105148,0.000130653368,0.0031822204000000005,1.8104689999999999,7.816921623991712e-05,0.015262269651414296,0.07803854212016219,0.07803704336011327,6.382533565041263e-06,0.00011651401477686969,0.07803643839831831,0.00046066504666249935,0.0439804238790833,0.008103543234541669,0.00695117618694166,3.97807768300006e-05,0.0007552948094666659,0.006913598284695843,40,32000,48,100,2
0,0.0011420252000000001,0.0052430154,0.0040964604,0.0016236304,0.0004491806,0.0017620564000000003,0.0015906814000000002,0.0031823634000000003,0.19377541999999998,0.72823102,0.72481342,0.0014923572,0.015762044,0.72476202,0.00032236423663898044,0.021878944210751535,0.0331500686261371,0.03315288326176073,9.192488494983579e-05,0.0017448195422613006,0.03315189134574423,0.001714842319749999,0.04750487014570828,0.010778145981083339,0.007630173753541665,0.0006739081738083333,0.0028782735545416667,0.007589621161458328,30,125000,48,100,1
0,0.0021817684,0.0085343838,0.007068777,0.0030032635999999997,0.0008327484199999999,0.0033216949999999995,0.0029689789999999996,0.0049002648,0.45856455999999995,12.120823999999999,12.11626,0.0018523692,0.18102616,12.116206,0.0006300541115899383,0.055106090365350344,0.6555484662990586,0.655563145638647,0.00017224136134365092,0.019151510518875082,0.6555620470681054,0.0031399170763749956,0.06487710768416664,0.07657202221475014,0.07131807793433327,0.0012491015507791654,0.010856658023458329,0.07127642402533332,30,250000,48,100,2
0,0.086571358,1.7603969999999998,0.27635160000000003,0.13438206000000003,0.046478318000000005,1.6241978,0.1342836,0.23186462,13.234166000000002,3.9987546000000003,3.7306218,0.11921972,13.033396,3.7305342,0.030019706143798508,2.9768537063708918,0.7090788181805465,0.699708159021375,0.015003152136135487,2.9548424965366387,0.6997147549124196,0.1502728809941667,10.763511072124992,2.2506570008166675,2.015474559391667,0.07582536692333339,10.579796031333322,2.0153869019416657,20,8000000,48,100,1
0,0.018439578,0.057537746,0.056046772,0.02566743,0.0085788248,0.039843131999999996,0.025570009999999997,0.068027688,1.6099462,0.85357758,0.81272342,0.035600806,1.2471846000000002,0.8126555599999999,0.006353344686405557,0.4073057341721283,0.05263808622327852,0.04949505399184063,0.002468340545969836,0.3144973578775206,0.049499286002835916,0.029967593051666703,0.8729387125708336,0.11204047683041647,0.0659380701258334,0.01343349872429166,0.7688859999300006,0.06585100016499998,20,2000000,48,100,3
0,0.004286766,0.015878246000000002,0.013674594000000002,0.0060764312,0.0016050337999999997,0.007448959400000001,0.0060345652,0.021075964,1.2447226,0.9780183800000002,0.96708722,0.012309408599999998,0.45168021999999997,0.96703458,0.0014517480548537438,0.306080606065679,0.04590426240834779,0.04576868652819748,0.0006064595987100976,0.12613276030026155,0.04576829157681093,0.006792487471499989,0.3987644246925003,0.04714851095958336,0.036329069842208336,0.00281290718879167,0.17703992001108332,0.03627605373845827,20,500000,48,100,1
0,0.08587141,0.7157633000000001,0.27220246000000003,0.13219782,0.046173764000000006,0.58173056,0.13209463999999999,0.28236037999999997,7.214588600000001,4.3341984,4.071753599999999,0.14125762000000003,7.0208832,4.0716746,0.029131121467101406,0.9365724201879756,0.5819656209463551,0.5716926158262504,0.01382891618832734,0.9167611997654636,0.5717016256554797,0.14758415831500016,5.893947261762493,1.2982485028708335,1.068787503191667,0.07299615807041672,5.703777901629167,1.0686935054999998,40,8000000,48,100,1
0,0.0006489277000000001,0.0045976162,0.002382612,0.00097260476,5.3977966e-05,0.0009745597799999999,0.00094032288,0.0014098644,0.14483616000000002,12.091064,12.089269999999999,0.00055794714,0.016702556,12.089217999999999,0.00015974804754403504,0.01702974494924191,0.6071856739921613,0.6071901157682343,0.0001282965604959407,0.0015064376562547914,0.6071891007943849,0.0008976373250458361,0.04466130813700008,0.06252609879054168,0.060642905831558305,0.00024624678452833356,0.0020709411575124993,0.060604081099154106,30,64000,48,100,2
0,0.0043684006,0.014537571999999999,0.013234138000000001,0.0056904315999999995,0.0016582489999999999,0.007012653199999999,0.0056544782,0.014956378000000001,0.48850765999999995,3.2996352,3.2900112,0.0076600076,0.06196760999999999,3.2899594,0.0013385376516811998,0.07763636610011346,0.1560306615399661,0.1560387622565424,0.0004441068730450049,0.008886671848579004,0.1560382028221773,0.006507678955666664,0.08487230594833331,0.029969798905833345,0.01985693186004165,0.0025416261665416637,0.012893020475791652,0.01981194635095835,50,500000,48,100,2
0,0.0087378024,0.028402616000000002,0.026105834,0.011934423999999999,0.0034859658,0.01469412,0.011884882000000001,0.027440786,1.2708911999999999,1.42225402,1.40496382,0.016655828,0.4507924,1.40489884,0.002943375767556962,0.33289314918216467,0.08918177734114534,0.08904297124714755,0.0011663594367359127,0.12305577922700535,0.08902320454533116,0.013897788745666665,0.48624070763000005,0.05387368941874997,0.032515076359166686,0.005855126927249996,0.21399605874833322,0.03244885861666665,50,1000000,48,100,1
0,0.01846304,0.054849386,0.05550598999999999,0.025539446,0.0085528374,0.037260058,0.025437971999999996,0.06735453799999999,1.5235872000000001,2.8832451999999997,2.840668,0.028522589999999997,0.7806892,2.8405987999999995,0.0060696292078648365,0.39546504452058023,0.1518221367287353,0.15108581747389366,0.0021228674600799226,0.17716913964067788,0.1510874638349014,0.02909323524666662,0.8021348132025002,0.10094750569458344,0.05640464096041671,0.012915328697791675,0.5398651549812504,0.056320065238749994,40,2000000,48,100,2
0,0.00032839776,0.0038090230000000004,0.0015585897999999998,0.00062561034,2.980232e-05,0.00050582884,0.00059328078,0.00147156718,0.13460188,3.7295322000000004,3.7283090000000003,0.00021600726,0.0034842016000000003,3.7282578,8.03570961623818e-05,0.015089967827073522,0.18550470919150472,0.18550493301670073,6.795703500046212e-06,0.00020412997820044154,0.1855040818099447,0.00045878428202499895,0.04421821521629167,0.01723038841158337,0.016066459574829172,3.975208717208393e-05,0.0008237361423750003,0.01602889392243333,30,32000,48,100,3
0,0.0043828486,0.015168952,0.013150598,0.005785799,0.0016451356,0.0070916176,0.0057516098,0.012018823,0.47293672000000003,5.2230568,5.214573799999999,0.0045589924,0.051393365999999996,5.2145218,0.0012883506634508728,0.07569082393816565,0.1808437894197374,0.18087367423679582,0.0003727364243960612,0.008314091036824357,0.18087284001440201,0.006374883529166662,0.0840229332025001,0.02855667244083334,0.018683712074874993,0.002455645341875003,0.012756401960375006,0.018639184023249995,50,500000,48,100,3
0,0.085618114,0.6463279200000001,0.27076320000000004,0.13199787999999998,0.04605184,0.51256284,0.13189257999999998,0.26612241999999997,7.8475688,4.8387316,4.579648000000001,0.16012476,7.632775799999999,4.5795788,0.02938942739722276,1.119994641516303,0.7271198241836168,0.714220560883079,0.014027641786630244,1.0941365146115996,0.7142283869180469,0.14795014547416668,6.598402481770843,1.5352974363708367,1.3050012563291666,0.07310928137416671,6.402550977754163,1.3049098611916656,20,8000000,48,100,2
0,0.018485024,0.059007500000000004,0.055029584,0.025719546,0.008335209,0.040386246,0.025618553999999998,0.04612522000000001,2.6536275999999996,12.2569288,12.2230138,0.020385172,2.6306877999999996,12.2229456,0.005730967928419417,0.6580896009815668,0.6874815625285635,0.6875165943951878,0.0018629992961888245,0.6604308051973886,0.6875189815269318,0.027706015309166637,1.161340123375834,0.19295239126541658,0.15071182698833327,0.012159070413583323,1.127367777704999,0.15062395439541673,30,2000000,48,100,2
0,0.00032334328,0.0038033484,0.0015308858000000001,0.00048637391999999997,0.00013957024,0.00045180322,0.00045609474,0.0009263991800000001,0.12554738000000001,4.058771999999999,4.0573955999999995,0.00039982795999999996,0.0016221998000000002,4.057346399999999,7.721268223752357e-05,0.014600612568795935,0.16185523579459904,0.16185379118629506,2.2886555034029605e-05,0.0001091510852982013,0.16185310627754385,0.00045512506359999763,0.04350507807687502,0.013270087530875016,0.011975471202716652,0.0001859905628375,0.0007517060832541671,0.011938502232591679,40,32000,48,100,3
0,0.004315996399999999,0.015072012000000001,0.013269234000000001,0.005798197,0.0015885354,0.0070256234,0.0057627676000000004,0.0090261936,0.7827166,11.99017,11.982054,0.0040715696,0.5000258,11.982004,0.0012753118438511677,0.13012717089884512,0.6716855363637418,0.6717176352806342,0.00036903491460544565,0.07869547450243211,0.671716036730008,0.006271795361833342,0.12465738454791672,0.0907996990991665,0.08107664771620834,0.002412801323874998,0.04779351372187507,0.08102874926370841,30,500000,48,100,2
0,0.002181816,0.0087871072,0.0070881844,0.0030230044000000003,0.00085287096,0.0034186361999999997,0.0029880522000000007,0.007096672000000001,0.2888900199999999,3.7632877999999996,3.758502,0.0030503749999999997,0.022734404,3.7584506000000006,0.0006516856270215,0.03130469887880487,0.17167280633926432,0.17168254646970302,0.00018190905468539088,0.0021740185380494186,0.171681653195041,0.0032171645822083365,0.05378865257412502,0.023757796740916645,0.018401388998625014,0.0012778236716208314,0.005099481124583334,0.01836065957358334,30,250000,48,100,3
0,0.0021946432,0.0086901662,0.0071221352,0.0030635356000000002,0.00085005758,0.0034867764,0.0030261994,0.0056166172,0.28805124,4.518517999999999,4.5133802,0.00218482,0.020288562,4.513329000000001,0.0006400527051815365,0.03618815310192799,0.17891424888783858,0.17892587639631002,0.00017427498182102875,0.0018660480477415433,0.17892522276861228,0.003203418900625002,0.05611710463208328,0.021050350457083304,0.01571786996970831,0.0012806133837083324,0.0050808440131249934,0.015677625871000002,40,250000,48,100,3
0,0.08626198799999998,0.68485084,0.27340862,0.13093508000000004,0.046186828,0.54954036,0.13083706,0.23985401999999997,9.452215200000001,3.8835374000000003,3.6297557999999994,0.1250204,9.259973800000001,3.6296824,0.02965094236138609,1.2107040221560545,0.6274303041551834,0.6229724583624223,0.01435397247045576,1.194510628953077,0.6229807035698355,0.14778895356999988,7.753148561491661,1.7070093172208327,1.4765496483624994,0.07376920291833318,7.568217910762496,1.4764595225041675,30,8000000,48,100,1
0,0.0011492728,0.005465793599999999,0.0041124342,0.0016242026,0.00043940548,0.001660633,0.0015946390000000001,0.0033738134000000004,0.16024646,1.0791088,1.07619618,0.0012809753999999999,0.010566473,1.0761484199999998,0.0003167227165993311,0.01900790488846195,0.05362083625323315,0.05362321900248239,8.775461705841297e-05,0.0009314020558052586,0.05362239464257651,0.0016965777469166645,0.0460399145577083,0.011806853414958322,0.008686746398375004,0.0006712475512833337,0.0025693294222083355,0.008646527366875007,20,125000,48,100,2
0,0.0043468,0.015042306,0.013161804,0.0058060168,0.0016401767999999998,0.0070836544,0.0057697298,0.020804404,0.5234443200000001,1.18659882,1.17761158,0.008789205999999999,0.088883308,1.1775593800000002,0.0014300471042466372,0.0833849827283544,0.06743936575754952,0.06738705201750182,0.0005203681963505708,0.018404960272805186,0.06738625188045987,0.006623330223958332,0.09107105892333328,0.02745257560250003,0.017131425194333326,0.0026179306814166684,0.018604130454000008,0.01708408959770834,50,500000,48,100,1
0,0.08583827,0.5199974600000001,0.27035078,0.13062902,0.046102236,0.38476017999999995,0.13051646,0.31144736,5.96893,3.7791694,3.5422522,0.17504139999999999,5.7457709999999995,3.5421639999999996,0.028607050220760006,0.9920341731485944,0.3728764775027563,0.35759209183988694,0.013597756368547428,0.9510428552986012,0.3576041384128856,0.14919376828458358,4.910876929912503,0.8967590310374994,0.6650602130666667,0.07335237711791666,4.685777879358337,0.6649624273250001,50,8000000,48,100,1
0,0.038792084000000004,0.13787642,0.13023344,0.063941622,0.023308802,0.099072264,0.063834762,0.12785364,6.5141116000000014,1.857328,1.729722,0.065521478,6.430561,1.7296293999999999,0.013872534976494369,1.715873322717688,0.31940397643696183,0.31712614324450356,0.0066445497883542955,1.7045232323548274,0.3171286446563074,0.06774363198041675,4.684885195170839,0.9288495452833331,0.8206089587670838,0.03571868582083328,4.628334022259165,0.820523092760833,20,4000000,48,100,1
0,0.0011519908,0.0053894998,0.0041121484,0.001618576,0.00045461655999999996,0.0017362118,0.0015879155999999998,0.0029135704,0.18916602,1.4458706199999998,1.44292944,0.0011682512,0.0105855954,1.4428792,0.0003153567018126713,0.02138342908674275,0.0688265350491982,0.06882756051943402,8.476170420914313e-05,0.0008678417712978424,0.06882674576048527,0.0016859366949166688,0.04753597158941672,0.012322256234999981,0.009222588806375002,0.000668077905870833,0.0025667434609583364,0.009182574422874998,20,125000,48,100,3
0,0.08554373000000001,0.44244570000000005,0.26496904,0.12543337999999998,0.04580960199999999,0.30826928000000003,0.12531706,0.31298418000000006,4.9839368,4.1159732,3.9256766,0.14224940000000003,4.767132599999999,3.925572999999999,0.027615006711186975,0.8551978604206447,0.3040141748684358,0.28665626791727294,0.012119670781398575,0.8222443752849122,0.2866641099847469,0.14002555327499971,3.985527919812499,0.6078457933666667,0.39063099912083277,0.06819941935166672,3.777355966216663,0.3905307593041662,30,8000000,48,100,3
0,0.0006450176199999999,0.0042515278,0.0023552416,0.00095844268,5.393028400000001e-05,0.00095057488,0.0009215831800000001,0.0018037793999999998,0.13393002000000004,2.7160492,2.7141884,0.00065879822,0.0034605977999999996,2.7141387999999997,0.00016007855773964144,0.01595634806976136,0.11893482852882471,0.11894039613279164,0.00012959507349138456,0.00021608324433817355,0.11893967620177434,0.0009117422919500022,0.04394147800766666,0.01225854778812498,0.010479844568908336,0.0001506445506316682,0.0013954932582499976,0.010440816162716669,30,64000,48,100,3
0,0.008741808,0.028928996000000002,0.0266304,0.011942246,0.0034552098,0.019187067999999998,0.011892555999999999,0.046040344,1.3984848,0.9132062599999999,0.8934748399999999,0.018196012,0.7279285999999999,0.8934120199999999,0.0032005425747836623,0.3856744012309641,0.04957153501791528,0.048673775102067204,0.0014295167951145968,0.18409814982263698,0.04867484012274822,0.014440276224125016,0.6657871484433334,0.05680110740541666,0.03435054421666666,0.006295344535250004,0.42663344426749994,0.03428357024208334,20,1000000,48,100,2
0,0.0011251928000000002,0.0054335118,0.004103803800000001,0.0016256332,0.00044636728000000005,0.0016183852000000002,0.0015945436000000001,0.0026837825999999998,0.16714102,5.4382928,5.4353726,0.0014739514,0.0065577986,5.43532,0.0003086959899921162,0.020245088739641797,0.18487789834586418,0.18488259659673134,8.170473784349061e-05,0.00042791419003662494,0.18488186644277244,0.0016589991639583347,0.046292428185666576,0.016368230729666686,0.013264336614041663,0.0006675946010999995,0.0024188328972500023,0.013223683304791654,50,125000,48,100,3
0,0.0043734075999999995,0.015637065999999998,0.013333226,0.0058135984,0.0016233924000000001,0.007078409200000001,0.0057755948000000005,0.015572358,0.5993973800000001,1.1083042,1.0998715799999998,0.0083752622,0.10293421600000001,1.0998193600000001,0.0013665851869109754,0.08930017252671758,0.05398188248148902,0.05395432921255798,0.00048764091141355125,0.021952706109064843,0.05395368250131973,0.006623406053666683,0.09427423353250003,0.025227018267499977,0.014903029504500006,0.0026160119894999985,0.020663397543666695,0.01485554588345834,20,500000,48,100,3
0,0.0006498336799999999,0.0042814256,0.0023587226000000004,0.0009626388600000001,5.393028400000001e-05,0.00095481872,0.00093159676,0.0018981458,0.1455368,0.70268742,0.70085776,0.0006773948599999999,0.0046127796,0.7008118000000001,0.00015528504466527917,0.01720196281372554,0.03212554718611504,0.03212631144481257,0.00014334490681845667,0.00033391375716238674,0.03212131321238836,0.0009366781897250018,0.044377588174250006,0.007244643644249997,0.0054190663952458275,0.00019001630932875146,0.0014284544408500002,0.005376759626854173,40,64000,48,100,1
0,0.008710241400000002,0.029327868,0.026527596000000004,0.012017393999999999,0.0033812046,0.019261742000000002,0.011972380000000001,0.034145356,1.4544464,0.8048631799999999,0.78387144,0.016252994,0.94415394,0.7838137999999999,0.0030416093876975115,0.39602383725890167,0.04981605244926077,0.04916421959697912,0.0012722259871200737,0.22616530730685475,0.04916614627790665,0.01412281468441667,0.7274814243870826,0.07407604659375,0.052153105999166616,0.006112603273791666,0.5434207668462504,0.05208797820958335,30,1000000,48,100,1
0,0.004382181000000001,0.014591788,0.013166238,0.005728817,0.0016148567999999999,0.007003545600000001,0.0056911944,0.0108615406,0.47121510000000005,2.6392502,2.6310843999999998,0.005792808599999999,0.08124695600000001,2.6310328000000003,0.0013171583048452236,0.07746226991091075,0.13873142113506992,0.1387386134215808,0.0004240359056242023,0.012396930390068544,0.1387380072659954,0.006487124968333339,0.08559334797583337,0.030414175177083374,0.02033375314337498,0.002531556586833332,0.014544971027249994,0.020288638028333368,40,500000,48,100,2
0,0.00032901763999999996,0.003997421199999999,0.0015488148,0.0006283759999999999,2.9993056e-05,0.00046977996,0.000594759,0.00093841554,0.1244494,0.9060302,0.9049092,0.00015492437999999997,0.0019735813999999996,0.9048646,7.852196840738078e-05,0.014730904012798673,0.05477529905870937,0.05477743533339119,6.7166213234323186e-06,0.0001315545486487206,0.05477666592437114,0.00046291057181249923,0.04362300808866668,0.009318391942874996,0.0081746951054375,3.9993674702917174e-05,0.0007660370679874989,0.008136738052487493,40,32000,48,100,1
0,0.085337018,0.5731610999999999,0.26890706,0.13091446,0.045532178,0.43729772,0.1308162,0.26899475999999994,6.3753416000000005,4.264164,4.014574399999999,0.1358624,6.183749,4.0144796000000005,0.028473145167320135,1.0826393528499119,0.5921286703328836,0.5769899847974007,0.012933641816214606,1.0672387125670488,0.5769990915778671,0.14505035688374995,4.877499374470834,1.0602105784999991,0.8349621930291666,0.07103694719958337,4.6949484751166635,0.8348664640625001,20,8000000,48,100,3
0,0.0021747112,0.0088448046,0.007076168200000001,0.0030318258,0.0008419990600000002,0.0032991886000000004,0.0029960634,0.005065155199999999,0.263155,4.9376104,4.9330176,0.0020771502,0.016406918,4.9329664,0.0006337873400970929,0.034050768490577824,0.18220406219311092,0.18221986239774982,0.0001694937422756997,0.0015544098959117604,0.18221917030264925,0.003185383878958334,0.05515707577758333,0.02069995492604166,0.015377675747083333,0.0012685357983583333,0.004956502767416664,0.015337818571458332,50,250000,48,100,3
0,0.00063819886,0.004465198599999999,0.0024563788,0.0009488106000000001,5.6791306e-05,0.0009512423999999998,0.0009147167199999998,0.0024160386000000003,0.19280661999999998,1.1044860399999998,1.10267666,0.0006357193000000001,0.05095315,1.1026243999999998,0.00016574708216102928,0.021847223135012587,0.07159823648772842,0.07160047531386907,7.967776041951258e-05,0.004367216162178835,0.07159964656010624,0.0009129107806291706,0.04681881424362501,0.016532818314458332,0.014568509398699997,0.0003229637045245821,0.0027424684139624985,0.014528178029841656,20,64000,48,100,1
0,0.0011424544,0.0054752828,0.0040363312,0.0016149996,0.00044770240000000005,0.0016646386,0.0015845298000000002,0.0034493924,0.18136406,1.03595056,1.0330413799999998,0.0013961312,0.009646653600000001,1.03299058,0.00032612523235119023,0.020344220167831193,0.06206920390549721,0.06207555392637365,8.849587246209703e-05,0.0007372947544837654,0.06206922225130775,0.0016845374002500018,0.04644475701737502,0.012469518483833314,0.00936908989704166,0.0006700120064750001,0.0024986830427083315,0.009328489048666658,50,125000,48,100,1
0,0.018594075999999998,0.058775806,0.055127048,0.024676564,0.008400106600000002,0.040234280000000004,0.024580244,0.077560188,1.8138864,0.94693722,0.90422236,0.041504004,1.4307102,0.9041592000000002,0.006626867429887977,0.44456295638821863,0.09537046178383546,0.09228689046452168,0.0026608466782062313,0.3611409933191051,0.09229179317352672,0.030934553809166633,1.053780308695001,0.15801803058458344,0.11026621723208344,0.014023585655708323,0.9574825430079169,0.11017934258125013,20,2000000,48,100,2
0,0.038375618,0.13790146,0.12616684,0.060518454,0.022981406,0.09909238599999999,0.06041736799999999,0.160261068,2.3618382,3.6397284000000005,3.5479292,0.08832277200000001,1.7490278,3.5478493999999996,0.013174501618935625,0.48877840290538754,0.17331261912671342,0.1695515157125323,0.0055747286329648005,0.3344440893626236,0.16955316672498494,0.0626201303079168,1.5816292472208344,0.2150582825291667,0.11533023331499992,0.03254063435208329,1.3515508243874985,0.11523742547499993,50,4000000,48,100,2
0,0.0043278694,0.015507362000000002,0.013276435999999999,0.0058664319999999995,0.0016076086,0.0071840288000000006,0.0058303832,0.014435146,0.91521182,0.87535504,0.8654156399999999,0.0078661436,0.21105694000000003,0.86536338,0.0013592468998267044,0.17956552041637946,0.03832433394520157,0.03822049339812059,0.0004979804949116976,0.055790494225342456,0.03821973769926829,0.006686277207791672,0.18168228334083342,0.030637230559999996,0.020137202828791632,0.002677190871375,0.054734114511166665,0.020087395094875,30,500000,48,100,1
0,0.00032873154,0.0038733008,0.0015507698,0.0004900455399999999,2.9993056e-05,0.00048437118,0.00045781135999999994,0.0008618354800000001,0.11956068,1.3078864399999999,1.30662556,0.00028004645999999995,0.0020014285999999997,1.3065786399999997,7.828145491725541e-05,0.014663219031836358,0.05920964557498731,0.05920931682611909,2.4610740228010645e-05,0.00012430577802273777,0.05920867335487555,0.0004622801635874998,0.043564800457874996,0.007969478271499986,0.006821835422458339,4.395900277416749e-05,0.0007707694265916665,0.006784270375824993,20,32000,48,100,3
0,0.038287971999999997,0.1420946,0.12637864000000001,0.061060428,0.022978926,0.10378556400000001,0.060959434,0.11578134,2.1322474000000002,5.4171342,5.3324682,0.059345579999999995,1.4224686000000002,5.3323856,0.01252217325439326,0.44418427728057014,0.19235541972087564,0.19096060015020394,0.004674396011343334,0.25833270314825835,0.19095128569096448,0.060298364549166594,1.371907625162501,0.1944845641208334,0.09872783085125,0.03121564937624998,1.1034649560216656,0.09863194919,50,4000000,48,100,3
0,0.0011345864,0.0054008482,0.0041018008,0.0016280176,0.00043797491999999995,0.0016273977999999999,0.001593876,0.003059721,0.1924762,4.83489898,4.8317516,0.0011801719599999999,0.013316583799999998,4.831703,0.000318431517870458,0.02079368004907139,0.20610154745959536,0.20610854562733363,8.481207421561702e-05,0.0011731250678250504,0.2061078180782286,0.0016775940143749992,0.04686868539041669,0.021774039808041667,0.018654588165249987,0.0006692798726333322,0.0026334664019166676,0.018614916976083362,40,125000,48,100,2
0,0.0043372152,0.015439604000000001,0.013289404,0.0057429790000000005,0.001579666,0.0071668146,0.0057065962,0.019141866,0.72779174,1.06313842,1.05386542,0.006336974399999999,0.13405618000000002,1.05381496,0.0014016620871517985,0.1221314373487397,0.0650892262720146,0.06501395943282016,0.0005068830328056589,0.02989079642136423,0.06501330569242648,0.006698938727916675,0.11969706163583323,0.0296122041816666,0.019124167359791673,0.0026767466858750007,0.028154910688250007,0.019074765083541664,40,500000,48,100,1
0,0.038399508,0.14481298,0.12686124000000001,0.061907004,0.022801972,0.104754104,0.061802958,0.13966974000000001,2.5441474,3.3757387999999997,3.2894336,0.06288165999999999,2.0325706,3.2893646000000003,0.012690340815557144,0.47155612717749146,0.16474686871055605,0.16133866156688537,0.0048930827695321,0.33859265708591524,0.16134175441096907,0.0623335021466667,1.7784851469208327,0.23415097526666684,0.13515128385958353,0.03218008520666664,1.5781561889508327,0.13505991643208343,40,4000000,48,100,2
0,0.00033040047999999993,0.0039599418,0.0015661715999999999,0.00061807632,2.9945372000000003e-05,0.00047988892,0.000587368,0.0009216307999999999,0.11901384,4.893676200000001,4.8924526,0.00011758806,0.0014729498000000001,4.8923996,7.716603278034974e-05,0.01411203275145687,0.17236226093566118,0.17236231580969427,5.984926920208943e-06,0.00010936770550553782,0.17236164785328206,0.00045839682143333294,0.043211177486583346,0.012406928007791664,0.011231169723750007,3.962216889833398e-05,0.0007625765205458337,0.011194040868995838,50,32000,48,100,3
0,0.0021966456000000003,0.008518553000000002,0.007160091399999999,0.0030593872000000003,0.00084018706,0.0034514904,0.0030236244,0.0058125495999999995,0.29919424,0.95720574,0.9518942399999999,0.0028123851999999998,0.040370178,0.9518430200000001,0.00064897033172464,0.0405767953443658,0.04631641531510892,0.046313471184167905,0.00019007388003992694,0.006020826108345729,0.046312625495483116,0.0032951695428749977,0.058553711120999906,0.015711420803333327,0.010265563798041655,0.001286741809445833,0.006791507843374997,0.010223371643333331,20,250000,48,100,2
0,0.085465574,0.47691536,0.26504826000000004,0.12681891999999997,0.045674752000000006,0.34112968,0.12672976,0.25992793999999997,4.2482936,4.250904,4.074828800000001,0.16589299999999998,3.7686384000000004,4.0747276,0.026735112360118794,0.7308937815780492,0.24448599237617322,0.23267520427531566,0.011096212474509272,0.6418860527422134,0.2326788567948595,0.1366449998174999,3.323444641070837,0.4928771126625002,0.28153235317500014,0.0661451976699999,3.039092451179167,0.2814294780541667,50,8000000,48,100,2
0,0.008807039000000001,0.027708006,0.026232191999999998,0.011770392000000001,0.0033895492,0.01446085,0.011723378,0.021305942,1.2574656,4.36966618,4.35146518,0.0107041844,0.45587884,4.351407200000001,0.0028026169844303297,0.3074482202789005,0.21168050226874652,0.211518400930563,0.001028586289178322,0.12611814324989074,0.21151827955832725,0.013475613019166669,0.40611949049208385,0.05717419482083338,0.036630548937083354,0.0055249199777916685,0.17424109761583345,0.036569868123749995,40,1000000,48,100,2
0,0.0011404038000000002,0.0053052426,0.0041212084,0.0015983581999999999,0.00045337673999999993,0.0016607758,0.0015663622000000002,0.0036997796,0.18058236,3.3761094,3.373142,0.0012524128000000003,0.006644773600000001,3.3730908,0.0003151473961691023,0.020347451584039798,0.16883266617991338,0.16883601153827116,8.304399538005529e-05,0.00048287937603945264,0.16883527012993976,0.0016791669873750012,0.04665154692100001,0.017618510672874982,0.014500116521458342,0.0006699675913583325,0.002413773083208335,0.014460445609499994,50,125000,48,100,2
0,0.018514394,0.056958726,0.056147384,0.025703048,0.008610630000000001,0.039009379999999996,0.025603724,0.063019608,1.6780300000000001,1.164817,1.12449318,0.035577964,1.3362155999999998,1.12441778,0.006436706382147899,0.41915997579486347,0.09627343766792285,0.09401780290893931,0.0024778661682615583,0.3197154267849171,0.09402591049869634,0.03041615710041669,0.9529413844408324,0.15621025910124997,0.10939609898916651,0.013720883863583352,0.8382786216741671,0.10931561885416656,40,2000000,48,100,1
0,0.0021999835999999993,0.0084667682,0.007163190999999999,0.0030395981999999993,0.0008279800399999999,0.0035198209999999994,0.0030017376,0.0091132164,0.55521898,0.6429052399999999,0.6376832,0.002744961,0.056828977999999995,0.63763378,0.000667121499793414,0.06343292770542255,0.034734386390431374,0.03472982729931406,0.00020254986276143483,0.010264554463161761,0.034728770996922745,0.003324153473249999,0.06975510172145835,0.017496860053499992,0.011993831733791668,0.001298064322345832,0.009331627767999996,0.011950964957833333,30,250000,48,100,1
0,0.038164952,0.13724164,0.12622894,0.06139802600000001,0.022987267999999998,0.098904564,0.061304618,0.12334117199999999,2.0961863999999997,4.7757062,4.7039424,0.068510578,1.7380461999999999,4.7038724,0.012566509441284263,0.4389057203576148,0.17789132420405168,0.1759992981493035,0.004793530304753354,0.3330650981875006,0.17599951511259423,0.06035387788458331,1.3330321282874973,0.1997319213333335,0.10389016626708339,0.031267768822916625,1.176245522935417,0.10379358053458329,40,4000000,48,100,3
0,0.038085318,0.14055743999999998,0.12624746,0.060908604,0.022997664,0.101568748,0.06080985,0.097710732,5.431409999999999,12.768184,12.686415999999998,0.047257138000000004,5.3785434,12.686342,0.011748028728541901,1.2943762380075896,0.7793310100814979,0.7787288092096623,0.003965407586016881,1.2926426540758815,0.7787325602252054,0.05743002818583337,2.67507513856667,0.4243843249625002,0.33307310076499996,0.029970918284166693,2.6246952486083357,0.332979500138333,30,4000000,48,100,2
0,0.0011283398,0.005544424,0.004125595,0.0016062258,0.00043473241999999996,0.0016719817999999997,0.0015752314,0.0024401186,0.24530974,11.5728228,11.5699322,0.0010070321799999999,0.035373404,11.5698802,0.0003123976380415383,0.025941660890175522,0.6170439066731428,0.6170470241405667,8.310602440351113e-05,0.004022283364889969,0.6170459893741913,0.001642088622791667,0.04854452896108334,0.06453698224716667,0.06144396976337492,0.0006619361536416667,0.0038381808095000027,0.06140467166837499,30,125000,48,100,2
0,0.008806562600000001,0.030152846,0.026447391999999997,0.012001612,0.0034246922,0.017059612,0.011954592,0.024393176,1.3570976000000001,1.14866582,1.1306676,0.014725445999999998,0.6356054400000001,1.13061078,0.002928124624936837,0.3739929875770701,0.058213881574400314,0.05786370500741402,0.0011585260078285284,0.15271483751134524,0.057863353257805186,0.013829251077000013,0.6179732971895844,0.0492480870029167,0.027994070404166647,0.005812156696541665,0.32497341811374936,0.027917256767499992,20,1000000,48,100,3
0,0.004362011000000001,0.014477827999999998,0.013254882,0.0057716370000000005,0.0016345978,0.0070938109999999985,0.005734157399999999,0.0112832052,0.52268682,3.0723542000000004,3.0632582,0.0049600126,0.07640443,3.0632053999999997,0.0013182355558740574,0.08728922351840433,0.13694351611702932,0.13693268447437015,0.0004224814213951014,0.015132622914362038,0.1369320702275277,0.006497979850958335,0.09254790620833347,0.02843941034000001,0.018354255813958355,0.0025291022277499986,0.01677564440066668,0.01830941716670833,30,500000,48,100,3
0,0.00065002442,0.0040213108,0.0023655890000000004,0.00095443724,5.41687e-05,0.0009304046600000001,0.00092196464,0.0018532756000000001,0.12858413999999999,0.8064439,0.80473798,0.0007084369399999999,0.004883050599999999,0.8046883999999999,0.00015421070771166052,0.015197426285235741,0.04752347943961632,0.047525279451047675,0.0001410769392906074,0.0003181516441811225,0.04752453131162649,0.000935450652445835,0.04380974056066674,0.008988159182041672,0.007166898353683315,0.00018458228305208476,0.001409053106891667,0.0071269313054375,20,64000,48,100,2
0,0.018707846,0.057854602,0.055860806,0.025599572000000004,0.0086399558,0.039413356,0.025498726,0.057142161999999996,1.9957134000000003,1.0497831999999998,1.00175616,0.02748699,1.7309705999999998,1.00168996,0.006532236451250034,0.49412765773996836,0.1230546552200114,0.12240757886415395,0.00255889275892262,0.42919457699719865,0.12241809191862488,0.030461948245000054,1.2138647510733327,0.23564855950250033,0.18870078618625002,0.013829361910750012,1.1307079914745821,0.18862615641416666,30,2000000,48,100,1
0,0.0086378098,0.029918668,0.027018978,0.012115999999999998,0.0034310341999999995,0.018604612,0.012056208,0.036549186,1.5516446,0.8529428400000001,0.83115202,0.017719698,1.276848,0.83108962,0.003244335917401762,0.4075941202962137,0.07278281985201626,0.07211017581322214,0.0014168289103827962,0.3152429535076291,0.07210973232745214,0.014611822568,0.8182236138754163,0.13646561875916655,0.11355079754624997,0.006535034158749997,0.7222511563512495,0.11348378871416656,20,1000000,48,100,1
0,0.00064282418,0.0044860364,0.0023653508,0.0009495258199999999,5.4502486e-05,0.00095639218,0.00091824532,0.0019402026,0.12473374,4.9538304,4.9520742,0.0005578518,0.0027952196,4.952023199999999,0.00016035816971740824,0.015605907494486735,0.18052491176566815,0.18052755833170145,0.00012519652871170698,0.00019158585170849635,0.18052692209227622,0.0009040039678958351,0.04378306627358333,0.014081979592416676,0.012183214919399983,0.00025848056824041734,0.001383553088204165,0.01214486835732501,50,64000,48,100,3
0,0.0011553764,0.005402565,0.0041033746,0.001629019,0.0004472732599999999,0.0016848564,0.0015972136,0.0035879612000000007,0.1662941,0.85841022,0.8552034,0.0012626170000000002,0.012322474,0.855154,0.0003194013383247064,0.02089124634936368,0.03653520470208739,0.03653988562864974,8.913683170041879e-05,0.001144439216299247,0.03653907908297999,0.0016990031702499991,0.0468443339605,0.010024782997625003,0.006901445601041667,0.0006719444686124991,0.002645701814125003,0.006861196634291666,40,125000,48,100,1
0,0.018494796,0.057301234,0.055857420000000005,0.025515414000000004,0.0082371712,0.039099788,0.025415946000000002,0.056868124,1.6219884,1.5476658,1.5092468,0.026309348,1.0688722,1.5091670000000001,0.006193318802025514,0.4141388083444908,0.10487307327189106,0.10397333931675379,0.0022250190784859534,0.25309523615310336,0.1039764325116949,0.029677734176666637,0.8821202374116661,0.11556205478999985,0.07001370028875005,0.013271458203666663,0.692720063692918,0.06993042483500005,50,2000000,48,100,1
0,0.0088131426,0.027413942000000004,0.026231814,0.011760952,0.0033894061999999994,0.014460802,0.011716556,0.023467399999999996,1.1520317999999998,4.528992799999999,4.5128164,0.0123331566,0.24650118000000001,4.5127614000000005,0.0028228113099546775,0.2568766465331285,0.17597552575716055,0.17593585640400397,0.001057724315635713,0.06668391052131241,0.1759358613410574,0.013484605336375011,0.3010695167366667,0.04875290967291669,0.02821270758500003,0.005534245404166671,0.08678454266749995,0.028152177986250006,40,1000000,48,100,3
0,0.038547946,0.13793561999999998,0.12882194,0.06281581,0.023199178000000004,0.09888778200000001,0.062712572,0.1356253,3.4686479999999995,2.0595334000000003,1.9456758,0.07225880800000001,3.3721974,1.9456082,0.013857569984826141,0.6966275153445656,0.23853077363527914,0.23420517614840058,0.006105010288320417,0.6624384115001142,0.23421451835700768,0.06562349903916667,2.5406343451499995,0.4699963774541662,0.36552124258166685,0.03421938135000001,2.4544475610741676,0.36543567519500014,40,4000000,48,100,1
0,0.00032782556,0.0040638924,0.001548004,0.0006242275200000001,2.9659269999999994e-05,0.00048756597999999996,0.00059394836,0.0009813786199999999,0.11944652,0.9416201800000001,0.9401341799999999,0.00015139580000000003,0.003781557,0.9400892000000001,7.851297379816406e-05,0.015145487079560283,0.037741267152100785,0.037741495740532045,6.756264314540536e-06,0.00028021838625606093,0.037740799973090454,0.0004613718983291654,0.04334813727033336,0.008077972976291665,0.0069280865427625085,3.9925477068750574e-05,0.0008446502184083334,0.006889931889354164,30,32000,48,100,1
0,0.0006489753600000001,0.004394197400000001,0.0023412228,0.0009474277599999999,5.3787232e-05,0.0009818078,0.0009174346800000001,0.001798439,0.13782297999999998,1.3395378,1.33770942,0.00062699318,0.0043489934,1.33766162,0.0001619220723474609,0.015849808596701265,0.06495745758455661,0.06496056361899602,0.0001406174418828845,0.0002602139542824399,0.0649599107440731,0.0009138558683708354,0.04447228204299998,0.009687047696291676,0.007875168325708334,0.00020360941669958464,0.0014120996390833342,0.00783560279562501,20,64000,48,100,3
0,0.0021876812,0.008944845,0.0071360112,0.0030564308,0.00085039138,0.0033271312000000006,0.00301795,0.008456611,0.22788361999999998,2.872909,2.8679955999999995,0.0027208328000000006,0.018589401999999998,2.8679448,0.0006531674166697806,0.030520840349543294,0.13983489121152548,0.13983669702833484,0.00018182457459381553,0.001555518663830797,0.13983600130517806,0.0032307412015416628,0.05301375858187496,0.020081535762999987,0.014708518842333323,0.001279679347070834,0.004852048320249999,0.01466756741491668,50,250000,48,100,2
0,0.0021784306,0.008726358600000001,0.007101774199999999,0.0029626847999999996,0.00084433554,0.0034620286,0.002925539,0.0057245732,0.27198475999999994,1.3200188000000002,1.31470156,0.0025181772,0.031001995999999997,1.3146505999999998,0.0006536593882490704,0.03560489436847663,0.08783636712630395,0.0878516654047623,0.0001858544403672436,0.0037071690445316984,0.08785073990348269,0.003246817427708334,0.056001406642500015,0.019558963306250017,0.014193945647208352,0.0012743124153583312,0.005743236621499991,0.014152591973541665,50,250000,48,100,1
0,0.038756847999999997,0.13693423999999998,0.12862872,0.062634232,0.023281766,0.09845576199999999,0.06253018399999999,0.12356101000000001,4.4301364,1.8217328,1.7037390000000001,0.06288113599999999,4.377328799999999,1.7036684000000002,0.013866759449165555,0.82754226201826,0.2697706824267976,0.2675159184379719,0.00664467135589174,0.8176576669731732,0.2675234725309146,0.06741090293458332,3.2740322029666666,0.6153118215708326,0.5077567554758332,0.035390890579166626,3.2165319964229164,0.5076737560045832,30,4000000,48,100,1
0,0.018756580000000002,0.059235764,0.05683403,0.026515148,0.0086779594,0.03990917200000001,0.026420926,0.065057944,2.5115438,0.9006203800000001,0.85085482,0.033565043999999995,2.4179969999999997,0.85078054,0.0068514109836842986,0.6480046154212931,0.15642295296478995,0.15535042966958731,0.0031212062540747158,0.6290796906327201,0.15536207152535067,0.031788751332083316,1.6025501123604162,0.36771288286416687,0.31843209275625,0.014696317936374992,1.5645464670150013,0.3183606766554169,20,2000000,48,100,1
0,0.00032978056,0.003740835,0.0015571594000000002,0.00051741598,2.9897688e-05,0.0004956722199999999,0.00048418046,0.00069217682,0.12839752,12.076964,12.075745999999999,0.00022754670000000001,0.010948943999999999,12.075694,7.60430955737009e-05,0.015489323312703519,0.6178325401770408,0.6178316856451824,1.4090304147806772e-05,0.0008428761856580667,0.617830698846137,0.0004559610381958323,0.04352400976550007,0.06096883397495836,0.05979021292065834,4.0763756798750704e-05,0.0012567541781041663,0.05975247296226242,30,32000,48,100,2
0,0.0006439686,0.0044676304,0.0023735524,0.00094738008,5.5170058e-05,0.0009560108200000001,0.00091767312,0.001960659,0.1288452,0.77348858,0.7716224800000001,0.00066361428,0.0038921358000000004,0.7715748,0.00016238578265031936,0.015546215705191185,0.04477331893857078,0.044772680611593285,0.0001288102319374596,0.0002578781299834328,0.044772016852052995,0.0009153408088791679,0.04371109642683331,0.008394845719708343,0.006583206191137486,0.0001961041290733336,0.001413231599279165,0.00654351441471251,50,64000,48,100,1
0,0.085634374,0.47218174,0.2675309,0.12873442000000002,0.045734788,0.33845916,0.12862281999999997,0.29909354,4.8790842,3.7051735999999997,3.4978926,0.13972764,4.4378986000000005,3.4977980000000004,0.02760935815182499,0.7300626376601791,0.2682366770627179,0.2525949438065602,0.011908588902475894,0.65241497064926,0.25260205173534567,0.14038976134250017,3.9686083458416674,0.5853816150458335,0.36780910299166647,0.0681906712120833,3.6975177623791637,0.36770635350833325,40,8000000,48,100,2
0,0.00033068656,0.0038874148,0.0015507222,0.00062847136,2.965927e-05,0.00047197343999999997,0.0005971908599999999,0.00102243434,0.11619424,0.69744782,0.6961643800000001,0.0001604557,0.0023126601999999994,0.69611998,7.956108100341805e-05,0.0142694155976718,0.028472526306672054,0.028473389006606575,6.8250873839901415e-06,0.00013274702354110636,0.02847280497444072,0.00046363890110416594,0.04350875942916666,0.005462561381291657,0.004315966543687497,4.005607078375058e-05,0.0007641629477208331,0.004278067833458328,20,32000,48,100,2
0,0.0087631702,0.029158830000000004,0.026660869999999996,0.011941624000000001,0.0033225536,0.01826539,0.011897992,0.032713986,1.3717402,0.9990350000000001,0.98045482,0.017925358000000002,0.70313584,0.98039462,0.003065196445130009,0.38594163964952155,0.05559028892547393,0.05484627015843992,0.0013380568528951193,0.16113805895543964,0.05484703570229406,0.014253293545208346,0.6501966789154173,0.05608502602541667,0.033984696363750004,0.0061689521979999985,0.36842513907375046,0.03391889777541668,40,1000000,48,100,1
0,0.0043826101999999995,0.014499042,0.013234089999999999,0.0057417392,0.0015961646000000004,0.007116508599999999,0.0057046892,0.014365149999999998,0.7674187600000001,0.8855800200000001,0.87561424,0.0087595942,0.14833116,0.8755607999999999,0.001367509427837289,0.1407018223767834,0.03575663285240831,0.035674181722635145,0.0005011637673155937,0.0392952692963568,0.035673490717238035,0.006693051517750004,0.1401266575945831,0.02522012897041665,0.014740305193541664,0.002668725132291666,0.03706381643687502,0.014691119958166654,20,500000,48,100,2
0,0.00032553672,0.0037210465999999998,0.0015706537999999998,0.0006138801599999999,2.9897687999999997e-05,0.00048236848000000003,0.00058398248,0.00121760368,0.11793536199999999,3.0136098000000002,3.0125166,0.00023460390000000004,0.001583004,3.0124706,7.962161867559002e-05,0.014655008362243208,0.13954517985704745,0.13954489305287407,7.274401911010152e-06,0.00010457135314545038,0.13954430471866783,0.0004591549430291653,0.04371224931816663,0.012377782828541673,0.01120901468704999,3.988977387833394e-05,0.0007527925171916673,0.011171439451991675,50,32000,48,100,2
0,0.008629608,0.029632664000000003,0.026306580000000003,0.011669922000000001,0.0034495832000000005,0.018921378,0.011619856,0.019851637999999998,1.4090104,11.910868,11.894252,0.008760166199999999,1.3482428,11.894194,0.002677018808659918,0.37992270511210846,0.5948964501914176,0.5949165386565173,0.000883448670504731,0.3406391515785881,0.5949166954484933,0.01296471035379167,0.6397891404049993,0.10734088146500005,0.08772071459291658,0.0051865904716249965,0.5173642387095831,0.08765965504124988,30,1000000,48,100,2
0,0.0011476038,0.0055039882,0.0041038036,0.0016059876000000001,0.00045495032,0.0016828059999999998,0.0015742301999999999,0.0037126064,0.19435406000000002,2.404097,2.4012483999999996,0.0015460492000000001,0.008062362600000001,2.4012004,0.0003164373052493117,0.021834150137654038,0.1074380820444167,0.10744750220856358,8.443046037704308e-05,0.0005764047176023228,0.1074468403030868,0.0016790083165833306,0.04698969141595828,0.013317665929958335,0.010201035455750001,0.0006699864459458317,0.0024615627991250006,0.01016144410475001,30,125000,48,100,3
0,0.038416814,0.14272375999999998,0.12666116,0.061779452,0.0229733,0.103383012,0.06167511999999999,0.12408053999999999,2.6503972,4.031410800000001,3.954896,0.065284204,2.1997231999999998,3.9548178,0.012555172795980354,0.543279653074029,0.19868374164002303,0.1955284916325875,0.004880348785103761,0.4352151083217516,0.19553116987599478,0.06158181334124994,1.8245116384666662,0.23887845815000003,0.14096342457625,0.03187548287208329,1.6530542810691649,0.14087234648625002,30,4000000,48,100,3
0,0.08494596400000001,0.4003325999999999,0.26181902,0.12327173999999999,0.04539938,0.26662508,0.12317104000000001,0.21075998,11.094280000000001,14.18368,14.002752000000001,0.11667342,10.910858,14.002676,0.025052645414146913,2.4555970666327527,1.4069532108626315,1.4035035102926008,0.00935751846328221,2.4485133478046044,1.4035096686777002,0.1254105713766666,5.864231727950008,1.2563881675250006,1.062820660183331,0.06097103948333331,5.6897453623083285,1.0627203948624984,30,8000000,48,100,2
0,0.0088365556,0.027621362,0.026110218,0.011925696,0.0033505439999999996,0.01447401,0.011880064,0.022639609999999998,1.1313868,5.235609800000001,5.2192666,0.0103610036,0.20250559999999998,5.219212000000001,0.0027424121488198354,0.25944421215916946,0.17770845443710234,0.17774729064301686,0.0009684171754125469,0.06111969636278871,0.1777472987592716,0.013212205565875018,0.30173606925833363,0.04619549535791662,0.026148971218750004,0.005339194654708333,0.08199351730249994,0.026090684525416675,50,1000000,48,100,3
0,0.0006423950200000001,0.0043526172000000005,0.0023590086,0.0009566783799999999,5.455017e-05,0.0009783268800000002,0.00092520714,0.0021828654,0.12676076,1.6253594,1.623319,0.00073385232,0.0036599638000000003,1.6232700000000002,0.00015757586752345774,0.015652188894389955,0.0742360384205239,0.07423812267285482,9.485873550364768e-05,0.0002151274626973058,0.0742375919367059,0.000934790183800002,0.044477594709250015,0.009415731192000008,0.0076609981870999905,0.0001167754431420841,0.0013737185083291638,0.007621570128916668,40,64000,48,100,2
0,0.038327598000000004,0.13904204,0.12717404000000002,0.062165498000000007,0.023114444,0.100034034,0.062064023999999995,0.13048955999999998,3.049018,2.0047137999999998,1.9103372,0.065622952,2.8794164000000007,1.910236,0.013193395217477599,0.6893397799750736,0.18607166088201937,0.17867565045174286,0.005386645505513775,0.6551889300123575,0.17868374654049818,0.06378004576958331,2.0871049678208333,0.33307833052499985,0.23151508309083352,0.033068256329583254,2.0069131076820845,0.23142712471499985,20,4000000,48,100,3
0,0.002170229,0.008728409000000001,0.007068395599999999,0.003017616,0.0008403778000000001,0.0033668039999999997,0.0029788018,0.0063801768,0.26982476,0.8081851600000001,0.80358596,0.0025641918,0.032678032,0.8035365600000001,0.0006551361859649964,0.03288965144314164,0.04921547693705234,0.04921151404215849,0.00019251504736894276,0.004331214940547732,0.049173086017601855,0.0032901095077500025,0.05491407462762506,0.01646248371304164,0.011024978293666663,0.0012873804543291668,0.006006317802833332,0.010943005412541664,40,250000,48,100,1
0,0.0022027972,0.0087028026,0.0070881842,0.0030269624,0.0008286476400000001,0.0034723282000000003,0.0029903890000000004,0.005641365,0.27146404,1.0055898199999997,1.00024996,0.0024090768,0.028102398,1.0002018,0.0006469011944351237,0.03218182639096015,0.04177258549455819,0.041769434370577944,0.00018279306491515924,0.0034530803192356747,0.04176861257228782,0.003261674504291668,0.05435430519662503,0.014065215778624993,0.008685247813125001,0.0012745755130875005,0.005619689756083332,0.008643927444375001,20,250000,48,100,3
0,0.018593598,0.058935211999999994,0.055408618,0.025838566,0.0083419798,0.039862633999999994,0.025743389999999998,0.06019859400000001,1.4914808,3.3973736000000003,3.3621864,0.036895372,0.7265482000000001,3.362115,0.006186605394261267,0.40108388789019517,0.16372113819553138,0.16325842132827936,0.0023566266470947473,0.1713512352530487,0.16325956956592275,0.029251790706249982,0.7666498857558335,0.09664242094958328,0.0518288849641666,0.013014125688416662,0.4885472223608339,0.05174356660958335,50,2000000,48,100,2
0,0.001145506,0.005523777,0.0040994168,0.0016394136,0.00044112206,0.00170784,0.0016087532000000002,0.0036157608000000003,0.2008408,1.0310502,1.0280244,0.0013630866,0.045248034000000006,1.027974,0.00032544273567090246,0.024166900971424297,0.036841619873390775,0.036847447428520724,9.447058546674074e-05,0.004100560742564637,0.03684654937083147,0.0016958974217083321,0.049213469127874956,0.012861628323500018,0.009725221496166673,0.0006723454890333333,0.0037193989937500003,0.009684173790875005,20,125000,48,100,1
0,0.0088438036,0.026466370000000006,0.025925066000000004,0.011441948,0.0033614636000000005,0.014318036000000001,0.011394976,0.032206632,1.0128142,3.6060982000000004,3.5895754,0.015533396599999999,0.2135923,3.5895216,0.0029568175847827518,0.22193210453644135,0.16894458113744865,0.16891654743716783,0.0011604247842182402,0.059775133440372816,0.1689163250361029,0.013653597628374994,0.24505842090458324,0.050802395082083285,0.02993384649624999,0.0056544221521249985,0.07167807553666658,0.02987024821208332,50,1000000,48,100,2
0,0.0006463527999999999,0.0039974212,0.0023248196000000003,0.0009572029000000001,5.421638599999999e-05,0.0009746074399999999,0.0009266376600000001,0.001486206,0.12069144000000001,4.1643104,4.1626108,0.00021958352,0.003426647,4.162562599999999,0.00015641318453797013,0.01508719890352459,0.16034334720010382,0.1603435331330393,8.744941262221516e-06,0.00019542980387976305,0.1603428790743473,0.000903787284966669,0.043804832557666686,0.013592044646708346,0.011921007993454167,7.203702152916703e-05,0.0013856664788625007,0.011882600043291664,40,64000,48,100,3
0,0.038588044,0.13983484000000002,0.12786596,0.062312652,0.023162556,0.10084199,0.06220302600000001,0.13386278,3.7414726000000003,1.4703574,1.3737215799999998,0.069950054,3.6132520000000006,1.3736462,0.013955865608606908,0.7442018613899528,0.22362531555202506,0.2174138810816572,0.006139974002566609,0.7185835762672683,0.21742408294828838,0.06669062553458328,2.782728623662498,0.4809664449124999,0.3747499912870837,0.034711736876666614,2.7099174036237503,0.3746648033349994,20,4000000,48,100,2
0,0.018527984,0.056560232,0.055380772,0.02536354,0.008342027799999999,0.038047552,0.025264502,0.062482161999999994,1.4096438,4.6436652,4.6109018,0.04622717,0.7408180200000001,4.6108334,0.006036870059245305,0.3839583302121534,0.18229701732881515,0.18212192966944746,0.0022352121146813077,0.1704063061345554,0.18212313169479125,0.028699099675833322,0.6900553562141674,0.09243048429874987,0.04860232632791669,0.012663301017708323,0.4261397632283332,0.0485159605666667,40,2000000,48,100,3
0,0.00032782554,0.003758669,0.0015607358,0.00063123702,2.9897688e-05,0.0004732132,0.00060019494,0.0009094715199999999,0.13399321999999997,0.9536913800000001,0.95266562,0.00012640954,0.040231848,0.9526205799999999,7.941272416898935e-05,0.015386865513942933,0.03557589170197638,0.03557809589264232,7.006616417224507e-06,0.0026648914994017647,0.03557730194080151,0.0004648491636083323,0.04385433797754155,0.008145884991208347,0.006994425451175001,4.025328270166717e-05,0.0011335802834000004,0.006955673445554168,20,32000,48,100,1
0,0.0021878718,0.0086381434,0.007193422399999999,0.0030839922000000003,0.00080718996,0.0035104273999999997,0.0030495644,0.0085261344,0.51966438,1.03137696,1.0262590200000001,0.0043243884,0.0821908,1.0262074,0.0006684362685504517,0.06848630899078809,0.04607252600999001,0.04605684762203169,0.00022602029285393068,0.01711163991409964,0.04605575919529627,0.0033168429822083337,0.07494154502308334,0.02174944219845835,0.01623254307929164,0.0013048545098458314,0.01330939706841668,0.016188438622833323,20,250000,48,100,1
0,0.0006462574,0.0041167736,0.002358389,0.00097036364,5.4311752000000006e-05,0.00096640588,0.0009395122400000001,0.0019658088,0.12382378000000001,3.3671286,3.3654896,0.00062332154,0.0036447524000000004,3.365439,0.00016050136636352322,0.015842203278225025,0.16701108971953543,0.1670135045919536,0.00011212780307612237,0.00020870152318488237,0.16701277410974613,0.0009116980727250007,0.04388825824187497,0.015396790636125026,0.013647166724329179,0.00012572586511875136,0.0013686820837916648,0.013608168669220816,50,64000,48,100,2
0,0.008812188799999999,0.028866243999999996,0.026225039999999998,0.011873244,0.0033820152,0.014505386,0.011824654,0.022634602,1.10852778,3.907924,3.8922286,0.013735437999999999,0.31330784,3.8921653999999997,0.0028811585746282386,0.24257215541581073,0.17546918702222297,0.17544192552796276,0.0011476852109963635,0.08829976848525917,0.17544202843237885,0.013618288010833327,0.28148599874958347,0.05237155415958326,0.03155712295749995,0.005640356835916671,0.10578919642041666,0.031495414449999995,30,1000000,48,100,3
0,0.085201744,0.39267144,0.26579204,0.12720906,0.045747854,0.25732246000000003,0.1271063,0.31355444,4.0608624,4.8304312000000005,4.652257199999999,0.16217598,3.7934621999999996,4.6521526,0.02713278279383864,0.6261134786362431,0.2274452938070634,0.21385800878479705,0.011412075216380758,0.5645324819736308,0.21386161192145306,0.13684196569833337,3.1939684165000015,0.47991581410416656,0.26809611508333303,0.06632800287833346,2.942140981774999,0.26799275537916667,40,8000000,48,100,3
0,0.0021724224,0.0086432934,0.007113981199999999,0.0030345438,0.00085229872,0.0034339904000000006,0.0030000686,0.005298233000000001,0.28329467999999997,2.050681,2.0460982000000003,0.0025134086,0.020267771999999996,2.0460484,0.0006462645085628599,0.0332738201862627,0.10107959920224463,0.10108518469523556,0.00018352525343354637,0.001997156784214244,0.10108445189249889,0.0032340185682499965,0.05427622042529166,0.017921781335333332,0.012549670602291651,0.001277950791145831,0.0049995362844583325,0.01250865188812501,40,250000,48,100,2
0,0.08522014600000001,0.41662277999999997,0.26338906,0.12627368,0.045462606,0.28226708,0.12618342,0.26285778,3.7321632,5.790580799999999,5.648367800000001,0.13126012,3.1620308,5.6482528,0.025805535529626826,0.5901822735424077,0.1908027140915885,0.18273729316032322,0.009966247261595017,0.4791797064695441,0.1827366261395355,0.1315068399308334,2.8989222798083314,0.4045245938666663,0.20184385415416667,0.06327532870874988,2.5851993950374994,0.20173507535416663,50,8000000,48,100,3
0,0.01859374,0.058194350000000006,0.055236768000000006,0.025699378000000002,0.0084028242,0.03852825,0.025600672,0.065438166,1.4258556,5.1892668,5.1573535999999995,0.038577412,0.58689316,5.1572948,0.006011353094918816,0.3888022175650215,0.19186044355096854,0.1917477563054431,0.0021616133047606062,0.12692893660260343,0.19174892438284985,0.02860431447291668,0.7128235658420833,0.0901988909195834,0.04652957474374998,0.01259436754466665,0.3784175448120829,0.04644153392624999,50,2000000,48,100,3
0,0.0011360168,0.0053652286,0.004094267,0.0016260144,0.0004447937,0.0017071724,0.001595974,0.0036404132000000004,0.1676756,4.5342082,4.5310854,0.0013990402,0.006930446600000001,4.531030400000001,0.0003155476569767984,0.019715141876978086,0.17659974192530337,0.17660378540518176,8.169262205486792e-05,0.0004620325508862791,0.17660305657725212,0.0016742898506666667,0.0459810603732083,0.016714316120416663,0.013612761980458321,0.0006704710915874997,0.0024375998366666643,0.013573603430249987,40,125000,48,100,3
